positionx,positiony,rotationv
793,217,5.497787
800,408,2.3561943
899,478,7.853981
884,577,4.712389
616,444,5.4977875
812,99,-0.7853982
694,267,2.3561945
